phone,group_0,name,call_1,call_2
13003481939,20170313_10,陈素芹,1,1
13003920242,20170122_0,傅俊谕,8,8
13003929241,20170122_0,张健新,8,8
13006724220,20170105_4,刘冬博,3,3
13008216917,20170212_37,刘小伟,2,2
13017168125,20170220_82,刘冬娥,8,8
13017168125,20170220_82,刘冬娥,8,8
13017168773,20170212_32,谭盛庆,2,9
13017341771,20170212_32,江元武,2,2
13017825139,20170225_19,王英绪,2,2
13020744490,20170113_10,李培儒,2,2
13020744491,20170116_4,李鲜歌,4,4
13022030442,20170108_2,任永刚,3,3
13022052462,20170108_2,韩翠梅,2,2
13023168757,20170215_44,颜江怀,9,8
13023998752,20170210_8,梁婉琦,10,9
13023998795,20170210_8,黄俊霖,1,1
13025230549,20170219_7,王倩,2,2
13026722583,20170223_26,张欣,3,3
13030937239,20170104_4,陈方圆,1,0
13037820856,20170213_52,郑明凤,9,9
13037859852,20170105_1,陈永祥,0,
13037860271,20170105_14,彭秀燕,1,1
13037861748,20170213_52,叶秀珠,2,2
13037875481,20170105_14,王家文,2,2
13038774485,20170206_32,马克,2,2
13038774486,20170206_32,马生龙,2,2
13043800162,20170131_6,代煜,5,8
13045851389,20170118_4,许芳凯,0,
13047661790,20170329_6,蒲莉,4,4
13053727302,20170505_0,单茹,0,
13055405993,20170221_39,赖俊亚,2,2
13056882698,20170221_83,吴宝,4,4
13056889196,20170221_83,吴宗玲,2,2
13057543243,20170114_6,崔金龙,2,2
13060365590,20170116_4,赵卫卫,2,2
13060830457,20170216_8,劳著兵,2,2
13063105608,20170210_47,童智敏,1,0
13066097589,20170206_63,季尚清,1,0
13067456697,20170221_39,周蕙萱,2,2
13067458857,20170221_50,张裕文,2,2
13068968301,20170220_29,黄文杰,2,2
13068972398,20170214_32,黄强强,2,2
13073028847,20170208_25,陈以海,2,2
13074177813,20170222_62,王奕涵,0,
13074177813,20170223_71,王奕涵,9,8
13075622393,20170302_43,吕文静,2,2
13075789028,20170304_22,罗贤,2,2
13075932408,20170213_73,丁茂原,8,2
13076822427,20170216_8,廖广茂,2,2
13078510602,20170222_41,梁宇,4,4
13078526383,20170105_1,何秋颖,2,2
13087813108,20170222_41,游淑娟,2,2
13095230968,20170226_11,李黎明,4,4
13101751107,20170325_9,王磊磊,8,8
13106533770,20170220_38,康海英,1,0
13107349566,20170108_10,廖家云,0,
13107690352,20170221_50,林琮凯,2,2
13110648201,20170213_73,蔡家祥,8,8
13111302785,20170519_3,徐乙蓝,0,
13112541449,20170214_32,胡宴铭,2,2
13112745378,20170223_26,陈辉龙,3,3
13113020592,20170519_3,钟湘玄,2,2
13113363970,20170304_22,朱军,0,
13113752689,20170221_89,周益保,3,3
13118782585,20170325_9,章裔涵,4,4
13118865581,20170305_27,李康,2,2
13119879278,20170305_27,倪陪喜,2,2
13121961553,20170305_13,申益声,0,
13125669727,20170228_57,张宏兴,8,8
13127026953,20170216_16,覃强,8,8
13127059283,20170216_16,王浩任,8,8
13127973797,20170221_31,陈威君,9,8
13127985908,20170119_0,沈定憬,9,9
13127985952,20170119_5,许筱薇,9,9
13127986196,20170119_5,张育程,9,9
13127986335,20170119_0,黄冠涵,9,9
13128100754,20170224_61,卢思弟,拒绝,8
13128538411,20170302_43,潘炜,0,
13129475549,20170217_92,孙永四,4,4
13130527175,20170110_1,张玉香,9,9
13130527176,20170110_1,张金香,9,9
13136126778,20170216_55,马海宁,3,3
13140909716,20170225_1,李青松,2,2
13143763357,20170108_2,任永刚,4,4
13144083118,20170203_26,方金亮,2,2
13145809035,20170118_4,蔡志弘,2,2
13147501308,20170204_14,王国泰,3,2
13147582751,20170215_15,闫生耀,4,4
13148850415,20170116_13,王盈莹,2,2
13149964149,20170111_0,任紫彤,2,2
13150668101,20170226_11,张世杰,4,4
13153359710,20170209_2,马荣泽,1,8
13156360496,20170410_2,高玉斌,8,8
13156882405,20170410_2,魏清涛,8,8
13156882405,20170410_2,魏清涛,8,8
13160148373,20170222_39,刘科,2,2
13160668217,20170314_5,于采鑫,2,2
13161505265,20170114_0,沈建杰,2,2
13161601576,20170507_1,马骥楠,2,2
13181167075,20170203_8,赵龙全,0,
13182763187,20170302_47,马浩,9,9
13189429880,20170217_51,沈伟,2,2
13194056353,20170515_1,卢应鹏,0,
13202388121,20170205_3,李涛,3,3
13202498860,20170105_4,成普通,3,3
13202868421,20170105_3,王思远,3,3
13202912561,20170305_27,李康,3,3
13204180216,20170307_9,李国庆,3,3
13204181263,20170111_3,程淑明,5,5
13211234174,20170219_7,周中贤,2,2
13214181026,20170117_5,程有山,5,9
13214183036,20170220_52,郑伊帅,5,5
13214183172,20170220_37,邹常海,5,5
13214183283,20170220_37,公平,5,5
13215010628,20170320_1,翁贵鸿,1,8
13215025768,20170320_1,陈慧玲,2,2
13215025772,20170320_1,詹杰宇,2,2
13215375575,20170217_92,罗力,2,2
13222294767,20170218_58,崔有,8,8
13225030153,20170420_2,刘美英,2,2
13225030153,20170420_2,刘美英,2,2
13225076787,20170420_2,江亭之,2,9
13229484203,20170228_21,张美,2,2
13232200075,20170314_5,张李维,1,1
13235877656,20170302_22,邱永良,0,
13242138067,20170105_3,李响,3,3
13243722354,20170116_13,王义宇,1,1
13243763959,20170216_9,张志亮,2,2
13249655614,20170217_66,林玉美,0,
13256805340,20170510_0,蔡秀英,0,
13258168320,20170505_3,陈嘉伟,0,
13259873310,20170113_8,李雨豪,8,8
13261660343,20170222_63,陈俊佑,2,2
13262592602,20170221_31,张艺腾,9,8
13265564006,20170221_19,江亚平,2,2
13266201930,20170217_8,陈桂鑫,2,2
13266260249,20170217_8,陈锦辉,2,2
13266367019,20170221_89,周益奎,3,3
13267169940,20170222_2,龙颢天,8,9
13267786747,20170220_29,向强,2,2
13269380905,20170311_4,韩中秋,2,2
13269404413,20170110_17,江宜展,2,2
13269404540,20170111_15,蓝苡柔,2,2
13269404805,20170111_15,刘俊昌,2,2
13269404854,20170110_17,郑紫吟,2,2
13269475764,20170110_5,罗英英,2,2
13269475784,20170110_5,张陈诚,2,2
13269477473,20170110_10,苏郁婷,2,2
13269477480,20170110_10,曲庭纬,2,2
13269485370,20170402_6,邓建中,2,2
13269760248,20170402_6,张腾瑜,1,1
13269897380,20170311_4,张传根,2,2
13272795770,20170207_59,赵应仪,0,
13275926778,20170203_46,巫锦龙,0,
13276304082,20170510_0,朱传振,1,0
13279685276,20170228_50,李小龙,1,8
13279685712,20170228_50,乔龙飞,2,2
13279685893,20170228_50,李小龙,2,2
13279686793,20170228_50,乔龙飞,2,2
13281207320,20170505_3,蔡家铭,2,0
13282126113,20170216_55,黄锦堂,2,2
13285902913,20170206_6,陈仕力,0,
13288260040,20170205_3,李朋飞,3,3
13288304032,20170103_7,肖郑山,2,2
13291138674,20170410_2,高玉斌,2,2
13298622800,20170203_43,崔银花,8,8
13306332654,20170213_44,丁肇龙,0,
13306351946,20170323_2,陈瑞胜,0,
13315133994,20170107_2,谢善良,0,
13320953307,20170226_51,彭惠霞,10,0
13328719929,20170209_18,曾炜程,0,
13359426258,20170104_0,周调香,0,
13360054373,20170121_2,任圣洁,0,
13361161230,20170202_2,臧玉荣,2,2
13361166782,20170202_2,田新昌,2,2
13385013135,20170204_22,黄柳,8,8
13396485715,20170317_3,宋言花,0,
13398143139,20170221_14,黄继,0,
13400712293,20170209_18,曾智强,0,
13404943172,20170219_27,钟益菊,3,3
13408049593,20170220_108,张成君,1,0
13416376515,20170217_70,陆胜基,2,0
13438320911,20170221_14,王威,0,
13438325626,20170225_47,胡桂莲,0,
13444444444,20170221_22,谢小成,9,8
13458070203,20170315_9,李建勇,0,
13459014823,20170405_25,周志凯,2,2
13459014832,20170405_25,萧炜德,2,2
13465631930,20170206_63,郭长英,1,0
13473456994,20170107_2,梁艳,0,
13483016121,20170319_11,刘鹏飞,8,0
13484084730,20170206_43,卢凤芝,1,1
13489339968,20170221_28,陈锦昆,9,8
13500484169,20170323_6,邵颖,1,0
13506664073,20170225_19,丁保新,3,3
13511448521,20170202_21,李佳龙,4,4
13511453696,20170202_21,章宏龙,2,2
13513675200,20170206_4,胡继亮,5,8
13515093322,20170515_1,陈治炳,0,
13516433799,20170218_0,张昌龙,0,
13529070807,20170225_54,罗顺云,8,5
13529682013,20170304_14,后猛,8,8
13532555316,20170320_4,易让林,3,3
13536480278,20170203_62,王建忠,1,0
13536492916,20170203_62,刘庆淑,1,1
13539822387,20170217_70,陆胜富,1,1
13541821900,20170324_6,夏菁,0,
13543077491,20170109_5,叶彩娥,2,1
13544804339,20170210_66,杨超,8,8
13551512546,20170317_14,罗恩毅,10,8
13558963911,20170208_53,胡江,10,8
13562898877,20170426_6,万民,0,
13570447713,20170211_16,袁华钊,0,
13575293512,20170220_82,黄石生,8,8
13575293512,20170220_82,黄石生,8,8
13583668231,20170219_35,孙明华,0,
13591174083,20170218_58,李振平,8,1
13606175412,20170302_47,朱帅,4,3
13608215450,20170221_22,谢小成,1,0
13608215450,20170221_22,叶晓英,1,
13611245067,20170507_1,孙增嘉,0,1
13612381705,20170228_21,封晓燕,0,
13614320662,20170218_5,单兆明,1,0
13619185179,20170116_4,赵卫卫,1,8
13624922152,20170102_9,姜凤玲,0,
13625628588,20170218_0,姚芳彬,0,
13631280374,20170208_23,王捷兵,,8
13631388130,20170211_16,何伟光,1,1
13633453084,20170220_76,安慧民,4,4
13644059196,20170221_66,曾庆臣,0,
13648109158,20170225_2,黎子福,0,
13648215480,20170322_12,王峰,4,4
13654121220,20170116_14,包连飞,3,3
13654953539,20170216_60,孙世乐,0,
13660521904,20170203_26,林赛花,0,
13666805887,20170206_43,黄小兵,1,1
13678166223,20170317_14,陈芳,10,8
13681863896,20170212_6,李启超,3,9
13684095234,20170225_47,岳培可,10,
13684140892,20170105_5,陶增富,2,2
13684140960,20170105_5,蒋秀英,2,4
13697559588,20170214_59,黄灵丽,0,
13700526702,20170112_6,付萍,1,8
13706064833,20170211_18,翁国森,8,8
13708046168,20170226_27,甘家兴,0,
13708046418,20170220_108,邓盛英,0,
13715275259,20170224_61,杜刚铃,3,3
13721348502,20170221_60,华晓乐,9,0
13722374397,20170220_0,薛竹丝,1,1
13725275944,20170208_37,曹杰超,1,8
13725534313,20170220_67,吴宜蓁,2,2
13725534336,20170220_67,吴宜萦,2,2
13729869374,20170222_48,汤惠娴,0,
13736322792,20170302_22,瞿陈春,3,3
13761479502,20170201_6,杨云辉,0,
13780561953,20170204_12,冷景瑞,2,2
13781904889,20170209_0,张冬珍,4,4
13784799414,20170114_0,刘华宇,8,8
13789393112,20170220_82,刘三妹,1,1
13794880927,20170303_3,张代明,2,2
13799424328,20170203_54,陈建城,8,8
13800000000,20170206_4,刘叶龙,8,9
13802673597,20170208_16,郑世权,2,2
13802673715,20170208_16,侯磊,2,2
13825290234,20170222_10,刘丹,0,
13825290239,20170222_10,覃东风,0,
13831431962,20170116_2,李秀华,0,
13834673270,20170220_76,张鸣坤,4,4
13850595049,20170204_22,郑黑面,8,8
13858932465,20170216_25,吕朝平,1,1
13859824699,20170223_0,陈莺莺,0,
13863691771,20170322_13,张瑶,4,4
13869560828,20170323_2,李东慧,1,0
13873389797,20170225_0,黄小华,8,1
13876749609,20170220_5,张光福,0,
13881209796,20170324_6,夏菁,0,
13884619320,20170209_2,车心猛,8,0
13885051358,20170406_4,袁春平,0,
13889105792,20170216_60,周弘扬,1,1
13890371698,20170226_51,黄文忠,0,
13892902184,20170113_10,李民杰,2,2
13908890907,20170330_11,丁明,0,
13910373017,20170112_4,陈政平,1,1
13910379259,20170420_2,江亭之,8,8
13921315402,20170213_53,范文彬,0,
13926522873,20170206_73,张见和,8,8
13930428322,20170113_4,李双敏,2,2
13931423666,20170312_16,宫长国,0,
13934138494,20170301_26,李晋锋,0,
13934622897,20170224_13,王建明,4,4
13934644353,20170224_13,梁建权,8,0
13959250145,20170208_0,赖清瑜,1,1
13976770794,20170213_21,邓章彬,3,3
13983465025,20170207_19,李锡昌,0,
13990353844,20170405_31,王建平,8,8
14736759797,20170112_6,付萍,1,8
14741471491,20170213_47,吴健,0,
14788057070,20170112_6,李仕芬,1,8
14790123134,20170211_6,夏泽健,2,4
14790129814,20170211_6,夏泽雨,1,8
15004182829,20170117_5,田野,0,
15005025609,20170112_4,余兰娟,5,5
15019513179,20170304_2,郭健恒,0,
15030461370,20170511_2,王秀珍,8,8
15040107860,20170216_60,赵陈,8,0
15041623049,20170103_2,李晓芳,0,
15041813758,20170117_5,王国江,3,3
15041817848,20170308_20,穆炫亦,4,4
15041825890,20170117_5,任晓云,3,3
15054288150,20170223_74,孙清国,4,4
15056299436,20170209_11,汪世忠,2,2
15060861210,20170221_28,陈锦跋,8,8
15060917760,20170201_2,许金双,2,0
15064287920,20170223_74,李洪良,4,4
15074109244,20170220_82,黄翠中,2,2
15090473755,20170209_0,张瑞玲,4,4
15094145807,20170304_14,李雪康,10,10
15095268857,20170405_3,王浩,0,
15102979228,20170209_13,杨培真,1,1
15103482348,20170121_2,翟晓斌,0,
15110480231,20170223_52,文二宾,4,4
15112532884,20170221_2,李虹錦,2,2
15112558514,20170221_2,肖广海,8,2
15113190315,20170209_26,陈淑芳,2,2
15113190398,20170209_26,赖碧霞,2,2
15114253913,20170204_11,王树坤,1,0
15120027202,20170225_2,黎子福,9,4
15128600395,20170312_16,王春生,1,1
15128656452,20170511_2,李立新,8,8
15130462047,20170311_0,李龙,0,
15133017771,20170324_20,刘晓强,5,1
15134937702,20170218_41,刘兴旺,1,10
15140014195,20170216_60,李阳,0,
15144265322,20170218_5,杨金洁,1,0
15151249011,20170316_2,臧建国,1,0
15160569877,20170213_29,陈丹信,0,
15160569877,20170213_29,谢兰弟,0,
15166039999,20170219_42,李欣,0,
15167596932,20170226_29,张会芳,8,8
15174052013,20170103_2,齐佳佳,0,
15176882628,20170218_43,吴敬娜,2,2
15178464303,20170211_6,李士梅,1,0
15187754900,20170330_11,钟为青,0,
15188185693,20170330_11,王兴华,8,8
15189221657,20170310_13,黄介云,1,1
15195192616,20170313_10,方红英,0,
15198616970,20170303_33,干打邓,2,1
15198618836,20170303_33,恒三坡,4,3
15198750430,20170224_58,张金兰,0,
15205972588,20170222_11,詹智强,0,
15215956502,20170226_29,李海振,8,8
15220052933,20170206_73,刘雪,8,8
15229227238,20170209_13,曹云飞,0,
15235154841,20170301_26,李晋锋,9,3
15235900231,20170223_52,刘钢,4,4
15242166903,20170204_11,徐庆坡,3,3
15250924102,20170208_29,孟祥凯,0,
15255044843,20170211_6,辛树引,2,2
15267929456,20170215_37,邵菊珍,0,
15273591166,20170214_39,骆利华,0,
15279507136,20170223_47,曹斌平,10,8
15280381977,20170206_6,陈木贵,8,8
15281399092,20170210_6,高泽莲,0,
15288479747,20170225_54,罗顺微,8,8
15318411769,20170505_0,张士兰,1,1
15319255471,20170302_15,洪杰,8,8
15321222657,20170214_68,张景全,0,
15365257701,20170213_53,徐艳,1,1
15383890602,20170220_38,吴玉珍,1,0
15394067826,20170104_0,王阳禽,8,8
15501452760,20170226_39,衡城葳,8,8
15501453128,20170226_39,衡城葳,2,2
15501463167,20170226_39,陈小林,8,8
15501472203,20170311_4,张传根,8,8
15503052758,20170312_16,陈海利,2,2
15508211356,20170206_38,唐述祥,1,10
15512487568,20170312_16,丁大勇,1,2
15512907086,20170312_16,宫长国,2,2
15526321402,20170203_43,龚先辉,8,8
15528024762,20170216_64,文靖,8,8
15537456571,20170221_94,李冻恩,0,
15539202714,20170201_6,杨朝领,1,0
15542566035,20170531_0,林廷翰,8,8
15542569313,20170531_0,田廷沧,8,8
15542648751,20170301_53,简玮锋,9,9
15546742004,20170204_14,钱志宗,2,2
15546927322,20170111_0,官子涵,2,2
15550933518,20170204_42,王涛,0,
15550933518,20170204_42,王涛,0,
15554540297,20170108_13,黄鑫源,4,4
15559164775,20170208_8,陈云聪,0,
15566956307,20170301_53,陈俐铮,9,9
15575948336,20170226_42,周福,9,9
15577348831,20170221_19,陈奕添,2,2
15581643715,20170226_42,周天珺,8,8
15600582578,20170305_13,李树国,2,2
15602321320,20170217_66,林文振,0,
15602666987,20170116_19,谭杰,8,8
15605405807,20170108_13,赖生金,4,4
15606667203,20170225_19,王英绪,2,2
15607613677,20170210_23,许嘉鑫,0,
15610520185,20170203_23,周发高,0,
15611253201,20170228_21,封晓燕,9,8
15621625758,20170405_3,周银峡,3,0
15631000291,20170217_94,路战华,1,8
15635872710,20170216_12,杨文生,2,2
15635872715,20170216_12,梁兆雄,2,2
15642342566,20170117_12,徐凯,9,9
15642345311,20170117_12,刘维军,9,9
15642963031,20170109_3,时明海,5,5
15642971689,20170109_3,王艳红,5,5
15675814803,20170108_2,韩翠梅,5,5
15678860070,20170210_8,黄俊霖,2,2
15687699764,20170106_17,赵双线,4,4
15687699840,20170106_17,赵双云,4,4
15691047387,20170113_8,李吕卓,2,2
15692099752,20170216_9,林浩榆,2,2
15699139798,20170103_7,黄瀚锋,0,
15729493876,20170202_20,侯国强,4,4
15759369555,20170223_0,陈丹丹,1,0
15764298667,20170317_3,宋言花,2,2
15778990414,20170213_21,邓章彬,4,4
15803347380,20170116_2,李成玉,8,0
15808944374,20170215_52,王兴海,4,4
15828658446,20170208_52,刘林宏,0,
15830281685,20170213_28,曹立珍,0,
15833997874,20170218_43,许彩丽,2,2
15851579651,20170303_34,田壮壮,0,
15859442979,20170203_54,陈惠连,0,
15861297180,20170214_5,周全,1,1
15861508730,20170213_53,雷琴芳,1,1
15868000537,20170510_3,侯晶,1,
15870935701,20170510_3,吴清连,1,
15873307870,20170225_0,刘奇伟,1,0
15876646059,20170215_10,杨江中,2,2
15876677124,20170308_3,林宏霖,2,2
15876677145,20170308_3,张育诚,2,2
15881153835,20170329_6,杨瑞,1,0
15881477128,20170320_4,杨守建,2,2
15883343939,20170226_51,刘静,0,
15892062348,20170211_18,林仙,8,8
15892649896,20170315_9,何兵,1,1
15892875612,20170225_2,肖世琼,0,
15903223054,20170311_0,杨美荣,0,
15903448385,20170224_61,杨良松,2,2
15906203623,20170116_19,王贵斌,3,3
15906203969,20170116_19,谭杰,8,0
15914988122,20170222_48,林雨润,2,8
15916228495,20170109_5,李静玲,2,2
15916237571,20170215_10,张理福,2,2
15916952340,20170329_6,杨瑞,3,3
15917748428,20170303_3,曹东虎,2,2
15918216390,20170221_20,陈振标,0,
15924290706,20170215_37,王顺三,0,
15925548543,20170222_11,查三英,1,10
15930298745,20170213_28,曹建章,5,0
15936890861,20170202_20,宋明涛,4,4
15938997921,20170223_43,马宏伟,0,
15959756370,20170222_14,田圣,2,2
15959756370,20170222_14,杨代军,2,2
15963840703,20170213_44,王兴刚,0,
15982851154,20170226_1,晋磊,9,0
15988720549,20170302_22,瞿陈春,8,8
15990750709,20170304_22,罗贤,0,
15994028321,20170223_43,张占方,0,
15994251269,20170208_52,叶祥展,0,
17053650224,20170221_35,周海东,4,4
17068907613,20170107_7,马艺方,4,4
17069380212,20170107_7,张晓东,9,9
17085385958,20170224_12,蒋洪伟,8,8
17087772595,20170213_5,班佳利,1,1
17087779495,20170213_5,张春建,3,3
17163313084,20170201_2,黄加振,4,3
17181647769,20170107_7,张晓东,4,4
17181648395,20170216_84,王莹莹,4,4
17181648396,20170216_84,王莹莹,4,4
17183529253,20170215_30,李子生,2,2
17193529250,20170215_30,闫小娟,2,2
17193952153,20170205_21,杨要成,4,4
17305032507,20170305_7,修祖斌,8,8
17305032507,20170305_7,修祖斌,8,8
17305032585,20170305_7,陈方圆,8,8
17308545057,20170314_16,柴文杰,9,0
17340123231,20170222_39,杨令,8,1
17365111151,20170210_47,郭晓阳,0,
17600332085,20170311_4,韩中秋,8,8
17606321895,20170216_80,丛效溯,2,0
17608004128,20170116_19,王贵斌,1,0
17608887393,20170322_5,陈言炜,1,0
17704736032,20170123_0,王芳芳,1,10
17704736132,20170123_0,李志成,1,0
17710471283,20170217_20,李志强,1,0
17711538499,20170302_66,冯义香,8,8
17711538769,20170302_66,杨清,10,8
17728376585,20170221_20,刘志清,0,
17744810069,20170215_52,王有鹏,8,8
17764980004,20170225_1,邓玉菲,8,8
17798910904,20170214_74,葛文豪,0,
17835427085,20170221_35,舒世虎,4,4
17855292802,20170211_5,郑文芝,4,4
17855292812,20170211_5,杨义发,2,2
17863226955,20170216_80,王继文,4,4
18007384229,20170406_4,唐文骏,0,
18017495135,20170310_13,李成英,0,
18050628506,20170210_47,郭晓阳,0,
18056300725,20170209_11,汪世平,0,
18060083107,20170208_8,庄泽鑫,1,10
18080046579,20170226_1,晋良顺,9,8
18089841875,20170210_23,陈政捷,5,2
18090057159,20170320_4,易让林,8,8
18133322770,20170228_13,王建双,1,0
18144210307,20170405_31,王旭东,0,
18153093775,20170204_27,韩召起,1,0
18173538099,20170214_39,何恒东,0,
18185183583,20170406_4,唐文骏,2,2
18203328793,20170512_2,李猛,0,
18203328853,20170512_2,闫红艳,2,2
18203905634,20170203_6,史博文,4,4
18208983991,20170214_59,陈国辉,0,
18219164221,20170216_4,贾小书,8,8
18226030915,20170405_10,陆敏,2,2
18228678931,20170206_38,周祝永,0,
18235118433,20170224_13,梁建权,2,0
18237167235,20170204_27,韩召先,0,
18248958878,20170316_2,苏保芳,0,
18251679909,20170208_29,蒋宝,0,
18251881419,20170106_12,张如雪,3,3
18261525903,20170214_74,袁德网,0,
18264883332,20170426_6,韩国庆,0,
18266073018,20170216_80,徐强,0,
18267779552,20170214_9,郑志峰,0,
18281359829,20170210_6,鲜奇荣,0,
18284870276,20170304_48,欧阳正林,1,1
18285381857,20170206_48,刘书,2,2
18286351571,20170206_48,刘贤,4,4
18300041066,20170217_61,林宽成,0,
18304183518,20170206_26,郑杨,1,0
18304186902,20170116_14,胡艳,8,0
18324983039,20170130_2,刘杏姣,0,
18333561955,20170204_12,赵凤英,2,2
18334767653,20170209_4,邓鲜江,4,4
18335147590,20170224_63,曹伟,3,3
18340015863,20170107_7,马艺方,1,0
18350385587,20170210_10,赖细容,4,4
18353939806,20170204_42,秦潇迅,8,8
18357017855,20170216_15,郑贤玉,1,1
18391724151,20170302_15,贾煊,2,2
18396366602,20170203_46,江海燕,0,
18420053004,20170217_61,林想成,8,0
18428037334,20170325_9,王磊磊,2,8
18434399380,20170301_26,杨美英,3,3
18476491763,20170216_4,曹群娥,8,8
18501633091,20170110_12,杨郁伦,9,9
18501633157,20170110_12,杨郁君,9,9
18505646654,20170314_16,朱兆松,0,
18510713097,20170322_9,谢佳儒,0,
18510716215,20170322_9,陈忆如,0,
18511360222,20170517_0,练芷洁,8,8
18511565333,20170517_0,林坪菀,8,8
18513901952,20170105_22,张家铨,0,
18513902902,20170105_22,曹诚,1,9
18529452621,20170208_36,郭芸卉,2,2
18559238886,20170222_3,钟志强,5,0
18559239996,20170222_3,陈建宇,1,0
18561907626,20170223_74,孙清国,1,1
18578766602,20170208_4,吴文诚,2,2
18578766626,20170208_36,许秀美,2,2
18578766710,20170208_28,张伯彦,9,1
18584089843,20170216_64,蒙伟,8,8
18586358556,20170305_27,倪陪喜,2,2
18605024992,20170209_23,卢清福,2,2
18605024993,20170209_23,卢庆桔,2,2
18616203162,20170109_12,林羿维,9,9
18617052052,20170220_5,张宗霖,2,2
18617369594,20170208_28,潘子颢,2,2
18617781697,20170218_41,房浩林,1,1
18620741863,20170208_25,梁华隆,0,
18621549830,20170109_12,林仪明,9,9
18623687499,20170322_12,王峰,3,3
18630087022,20170324_20,王利沙,2,2
18636299559,20170207_59,杨香兰,1,2
18637263487,20170207_56,刘艳玲,8,8
18637501307,20170223_43,郭自豪,4,4
18642675370,20170223_71,吴於橙,0,
18642675370,20170222_62,吴於橙,0,
18650175309,20170104_19,傅宇丰,2,2
18650176907,20170104_19,萧正杰,1,1
18650523695,20170322_5,陈榕,0,
18651182295,20170303_34,周素红,10,1
18656708757,20170228_13,张子友,1,1
18659048860,20170214_43,徐国珍,1,10
18659740657,20170214_43,周小芳,2,2
18676437295,20170208_53,牛世坪,4,4
18678261663,20170216_80,徐誉钊,0,
18680595971,20170304_2,陈梓彬,0,
18683334643,20170211_34,黄森洋,1,0
18687575763,20170406_4,袁春平,3,3
18705186051,20170106_12,杨晓莹,0,
18705565045,20170130_2,刘喜,8,8
18712698651,20170219_50,孙付彪,0,
18720399063,20170510_3,侯守响,0,
18720547260,20170510_3,侯月仙,3,3
18726549587,20170219_50,孙俊峰,8,0
18732472651,20170507_1,马骥楠,0,
18740069361,20170221_66,张鹤霞,8,8
18741386955,20170222_22,刘艳丽,8,8
18741993369,20170106_0,刘艳红,1,0
18753412773,20170216_84,刘德松,0,
18756583890,20170218_15,洪海涵,0,
18757080546,20170304_22,朱军,3,3
18758123612,20170216_15,彭怀燕,8,8
18758770387,20170214_9,黄君杰,0,
18759387889,20170210_10,冯佑铃,4,4
18765665133,20170322_13,张淑敏,4,4
18769947360,20170217_20,马凯,0,
18774107015,20170301_40,李春霞,8,8
18774107109,20170301_40,万群樟,8,8
18780860476,20170217_87,卢开东,2,0
18802056359,20170223_47,徐包明,4,4
18808977804,20170105_18,柯柏伍,8,8
18808979414,20170105_18,林昌亿,8,8
18831048944,20170217_94,路帅辉,0,
18831071710,20170319_11,李双河,2,0
18835914284,20170213_60,张秀珍,4,4
18839041594,20170203_6,张欣欣,4,4
18839511758,20170221_60,梅俊涛,0,
18841918298,20170106_0,赵丽霞,1,1
18850683970,20170220_71,邱金妃,3,3
18855195967,20170218_15,陈玟达,8,8
18866716948,20170210_77,牟亮亮,3,3
18866778710,20170210_77,侯世杰,0,
18881269176,20170324_6,梁伟,0,
18908243995,20170217_87,何朝春,0,
18909033117,20170226_51,彭仕红,0,
18936675267,20170214_5,张长乐,1,10
18941233332,20170222_22,张祺,0,
18941839361,20170320_5,姜贺,0,
18963323545,20170203_8,李宗荣,8,0
18975458783,20170108_10,周诗桂,0,
18981305229,20170211_34,曹志兰,1,8
18983633973,20170207_19,肖昌维,5,1
13540767163,20170302_66,苏碧芬,10,10
13888863055,20170224_58,余满福,0,
15524798625,20170301_53,林书鸣,9,0
15524889701,20170301_53,张源津,9,0
18104185888,20170228_57,韩庆喜,8,10
1.56132E+13,20170219_42,段瑶,13,
1.56159E+13,20170206_31,郑棋芳,13,
1.56172E+13,20170205_21,杨俊站,13,
1.56174E+13,20170206_31,郑剑雄,13,
